transaction_id,customer_id,transaction_date,transaction_amount,payment_method,product_id,quantity
1,390,7/2/2023,456.69,PayPal,7,2
2,7,7/3/2023,289.37,PayPal,2,8
3,465,7/4/2023,115.62,PayPal,4,4
4,316,7/5/2023,268.56,Cash,26,2
5,388,7/6/2023,127.34,Credit Card,41,6
6,186,7/7/2023,265.59,PayPal,27,5
7,338,7/8/2023,149.3,Debit Card,26,5
8,124,7/9/2023,457.19,Credit Card,49,4
9,97,7/10/2023,310.98,Debit Card,29,1
10,289,7/11/2023,182.32,Debit Card,25,6
11,143,7/12/2023,420.49,Cash,46,5
12,20,7/13/2023,299.26,Credit Card,5,4
13,260,7/14/2023,384.52,Debit Card,5,7
14,295,7/15/2023,320.17,Cash,48,10
15,4,7/16/2023,154.44,Credit Card,44,4
16,19,7/17/2023,141.25,PayPal,3,8
17,418,7/18/2023,431.86,PayPal,23,9
18,313,7/19/2023,436.94,Credit Card,2,9
19,487,7/20/2023,56.42,Credit Card,23,9
20,23,7/21/2023,366.25,Debit Card,37,1
21,309,7/22/2023,43.08,Credit Card,30,5
22,283,7/23/2023,203.51,Debit Card,9,2
23,346,7/24/2023,300.34,Debit Card,45,4
24,483,7/25/2023,406.9,Credit Card,46,2
25,79,7/26/2023,494.01,Credit Card,44,6
26,220,7/27/2023,200.94,Credit Card,33,4
27,440,7/28/2023,353.01,Cash,37,2
28,341,7/29/2023,472.18,Debit Card,9,4
29,239,7/30/2023,471.41,Cash,21,1
30,291,7/31/2023,467.93,Credit Card,37,5
31,191,8/1/2023,439.82,Debit Card,43,6
32,170,8/2/2023,184.78,Debit Card,22,10
33,211,8/3/2023,170.29,Debit Card,34,10
34,461,8/4/2023,302.5,Credit Card,50,9
35,452,8/5/2023,122.29,PayPal,23,3
36,445,8/6/2023,40.84,Cash,10,3
37,41,8/7/2023,318.25,PayPal,40,10
38,104,8/8/2023,194.47,Cash,4,8
39,75,8/9/2023,19.45,Cash,43,10
40,48,8/10/2023,144.57,Debit Card,37,2
41,168,8/11/2023,46.58,Credit Card,11,9
42,277,8/12/2023,334.85,Debit Card,23,3
43,219,8/13/2023,218.64,Cash,1,2
44,55,8/14/2023,379.02,PayPal,11,7
45,100,8/15/2023,277.18,Debit Card,44,6
46,328,8/16/2023,158.68,PayPal,50,4
47,77,8/17/2023,439.06,Debit Card,42,10
48,268,8/18/2023,79.24,Credit Card,30,1
49,351,8/19/2023,107.54,PayPal,43,9
50,220,8/20/2023,297.87,Credit Card,30,10
51,182,8/21/2023,274.52,Credit Card,4,7
52,256,8/22/2023,393.08,Credit Card,37,2
53,102,8/23/2023,357.02,Debit Card,41,6
54,487,8/24/2023,146.65,PayPal,36,9
55,112,8/25/2023,148.2,Debit Card,7,5
56,48,8/26/2023,410.65,Cash,13,7
57,212,8/27/2023,323.17,PayPal,12,3
58,113,8/28/2023,400.23,Credit Card,17,5
59,41,8/29/2023,400.96,PayPal,5,1
60,268,8/30/2023,484.93,Credit Card,27,8
61,196,8/31/2023,115.65,Debit Card,47,1
62,335,9/1/2023,464.11,PayPal,36,8
63,426,9/2/2023,54.52,Debit Card,46,7
64,141,9/3/2023,234.19,Debit Card,23,4
65,498,9/4/2023,76.62,Credit Card,45,6
66,165,9/5/2023,455.04,PayPal,7,8
67,482,9/6/2023,65.81,PayPal,35,6
68,212,9/7/2023,103.8,Credit Card,8,6
69,343,9/8/2023,187.64,PayPal,15,1
70,344,9/9/2023,142.9,Debit Card,42,5
71,303,9/10/2023,238.03,Debit Card,34,5
72,348,9/11/2023,402.67,PayPal,9,5
73,223,9/12/2023,311.48,Credit Card,37,5
74,379,9/13/2023,220.58,Credit Card,1,1
75,385,9/14/2023,127.21,PayPal,7,8
76,30,9/15/2023,76.53,PayPal,27,3
77,382,9/16/2023,433.36,Credit Card,33,1
78,304,9/17/2023,210.82,PayPal,33,2
79,251,9/18/2023,182.36,Debit Card,33,4
80,119,9/19/2023,299.28,Debit Card,22,10
81,79,9/20/2023,140.7,PayPal,10,2
82,263,9/21/2023,390.5,Debit Card,23,3
83,89,9/22/2023,210.25,Credit Card,9,9
84,96,9/23/2023,382.11,Debit Card,29,6
85,494,9/24/2023,163.08,Credit Card,45,6
86,386,9/25/2023,472,PayPal,20,4
87,424,9/26/2023,267.61,Cash,42,3
88,48,9/27/2023,346.61,Cash,43,7
89,500,9/28/2023,169.33,Debit Card,45,9
90,260,9/29/2023,153.7,Credit Card,40,2
91,7,9/30/2023,32.8,PayPal,2,9
92,455,10/1/2023,44.53,Cash,30,1
93,137,10/2/2023,25.2,Cash,4,7
94,327,10/3/2023,19.08,Cash,30,5
95,484,10/4/2023,351.97,PayPal,23,1
96,358,10/5/2023,203.51,Debit Card,18,2
97,299,10/6/2023,354.34,Debit Card,22,3
98,160,10/7/2023,32.33,Cash,38,9
99,319,10/8/2023,44.1,Cash,8,2
100,477,10/9/2023,330.99,Cash,39,5
101,308,10/10/2023,476.19,PayPal,23,3
102,334,10/11/2023,225.65,Cash,9,4
103,162,10/12/2023,214.13,Cash,37,5
104,60,10/13/2023,289.2,Credit Card,12,4
105,195,10/14/2023,89.14,Debit Card,13,4
106,178,10/15/2023,44.95,Cash,32,6
107,492,10/16/2023,300.93,Debit Card,15,2
108,310,10/17/2023,300.44,Credit Card,43,9
109,437,10/18/2023,77.26,Credit Card,4,5
110,202,10/19/2023,232.78,PayPal,24,8
111,411,10/20/2023,427.56,Credit Card,7,3
112,340,10/21/2023,433.23,Debit Card,33,7
113,21,10/22/2023,362.96,Credit Card,29,6
114,405,10/23/2023,485.18,Credit Card,27,10
115,105,10/24/2023,359.86,Debit Card,35,1
116,127,10/25/2023,112.48,Cash,29,10
117,148,10/26/2023,198.3,Cash,10,2
118,85,10/27/2023,358.72,Credit Card,41,1
119,445,10/28/2023,104.26,PayPal,23,10
120,470,10/29/2023,132.81,PayPal,46,1
121,51,10/30/2023,200.35,Credit Card,35,3
122,53,10/31/2023,354.57,Debit Card,18,4
123,447,11/1/2023,358.89,PayPal,44,8
124,259,11/2/2023,150.7,Cash,44,3
125,363,11/3/2023,103.43,Cash,37,1
126,201,11/4/2023,378.67,Debit Card,3,5
127,470,11/5/2023,341.34,Debit Card,11,5
128,473,11/6/2023,228.61,PayPal,6,4
129,276,11/7/2023,78.36,Cash,4,10
130,376,11/8/2023,277.12,Credit Card,36,6
131,172,11/9/2023,318.99,PayPal,43,5
132,236,11/10/2023,355.82,Debit Card,42,3
133,396,11/11/2023,60.48,Credit Card,21,10
134,6,11/12/2023,373.07,Cash,34,2
135,484,11/13/2023,230.68,Debit Card,27,6
136,173,11/14/2023,292.11,Debit Card,34,8
137,498,11/15/2023,492.91,Credit Card,15,2
138,40,11/16/2023,182.61,Cash,41,5
139,265,11/17/2023,193.19,Cash,39,4
140,457,11/18/2023,231.83,Cash,38,9
141,474,11/19/2023,390.68,Credit Card,45,2
142,346,11/20/2023,125.21,Debit Card,30,2
143,388,11/21/2023,265.31,Debit Card,42,3
144,463,11/22/2023,181.39,Credit Card,32,1
145,254,11/23/2023,283.3,PayPal,22,4
146,158,11/24/2023,310.45,Debit Card,37,4
147,130,11/25/2023,237.05,Cash,40,7
148,278,11/26/2023,169.59,Cash,10,10
149,41,11/27/2023,122.36,PayPal,14,3
150,412,11/28/2023,5.01,PayPal,2,2
151,338,11/29/2023,99.99,PayPal,6,8
152,392,11/30/2023,373.44,Debit Card,8,7
153,351,12/1/2023,36.56,Cash,10,9
154,139,12/2/2023,140.89,Cash,25,4
155,462,12/3/2023,171.22,Cash,46,2
156,384,12/4/2023,253.3,PayPal,32,5
157,2,12/5/2023,361.92,Cash,18,7
158,388,12/6/2023,65.65,Cash,13,8
159,396,12/7/2023,289.62,PayPal,41,3
160,102,12/8/2023,450.28,Credit Card,22,10
161,251,12/9/2023,354.25,Cash,16,4
162,421,12/10/2023,211.94,Credit Card,25,4
163,139,12/11/2023,65.23,Cash,22,9
164,45,12/12/2023,307.55,PayPal,50,4
165,314,12/13/2023,372.12,Credit Card,35,2
166,359,12/14/2023,337.12,Credit Card,35,1
167,321,12/15/2023,133.59,Debit Card,46,2
168,15,12/16/2023,195.19,Credit Card,48,3
169,494,12/17/2023,457.55,Credit Card,29,6
170,182,12/18/2023,168.6,Credit Card,22,4
171,280,12/19/2023,7.02,Cash,6,5
172,153,12/20/2023,13.63,Debit Card,16,3
173,144,12/21/2023,76.2,Cash,23,3
174,82,12/22/2023,75.95,Credit Card,45,8
175,376,12/23/2023,9.37,Cash,17,6
176,27,12/24/2023,411.65,Cash,44,8
177,163,12/25/2023,285.32,Credit Card,19,4
178,376,12/26/2023,385.38,Credit Card,40,2
179,73,12/27/2023,341.19,Debit Card,48,10
180,458,12/28/2023,443.17,Credit Card,12,3
181,225,12/29/2023,24.75,Credit Card,50,10
182,367,12/30/2023,422.66,Cash,2,6
183,389,12/31/2023,84.11,Credit Card,37,8
184,11,1/1/2024,15.18,PayPal,27,9
185,123,1/2/2024,276.72,Cash,28,10
186,374,1/3/2024,204.27,Debit Card,11,6
187,342,1/4/2024,208.6,PayPal,1,6
188,273,1/5/2024,163.66,Credit Card,35,5
189,319,1/6/2024,433.01,Cash,36,7
190,26,1/7/2024,373.93,PayPal,8,6
191,381,1/8/2024,332.82,Credit Card,24,10
192,117,1/9/2024,495.93,Debit Card,6,7
193,302,1/10/2024,128.08,PayPal,42,9
194,441,1/11/2024,108.03,Cash,33,3
195,82,1/12/2024,149.3,Credit Card,32,3
196,115,1/13/2024,200.8,Debit Card,6,2
197,327,1/14/2024,46.08,Credit Card,14,3
198,350,1/15/2024,385.4,Debit Card,47,7
199,236,1/16/2024,91.2,Cash,30,2
200,121,1/17/2024,229.23,Debit Card,42,3
201,194,1/18/2024,470.12,Debit Card,2,8
202,356,1/19/2024,473.92,Debit Card,17,5
203,462,1/20/2024,11.52,Cash,4,2
204,374,1/21/2024,451.75,Debit Card,3,4
205,395,1/22/2024,83.44,Cash,40,4
206,324,1/23/2024,401,Debit Card,20,8
207,234,1/24/2024,53.82,Cash,46,1
208,438,1/25/2024,135.15,PayPal,28,9
209,472,1/26/2024,450.58,Credit Card,45,9
210,19,1/27/2024,258.47,PayPal,36,8
211,282,1/28/2024,82.48,Debit Card,41,8
212,378,1/29/2024,388.08,Debit Card,24,6
213,122,1/30/2024,397.66,PayPal,28,4
214,157,1/31/2024,59.99,Cash,47,5
215,343,2/1/2024,84.5,Cash,39,7
216,346,2/2/2024,399.94,Credit Card,29,1
217,269,2/3/2024,254,Debit Card,42,2
218,276,2/4/2024,381.61,Cash,34,7
219,121,2/5/2024,256.41,PayPal,1,2
220,447,2/6/2024,460.13,Cash,1,1
221,335,2/7/2024,427.35,Debit Card,16,7
222,8,2/8/2024,179,PayPal,44,6
223,310,2/9/2024,485.93,Cash,24,4
224,166,2/10/2024,77.47,Cash,27,8
225,36,2/11/2024,385.3,PayPal,38,1
226,111,2/12/2024,137.94,PayPal,33,2
227,349,2/13/2024,39.02,Credit Card,28,10
228,495,2/14/2024,469.07,Cash,26,10
229,449,2/15/2024,421.25,PayPal,3,7
230,302,2/16/2024,247.78,PayPal,17,9
231,66,2/17/2024,232.27,Credit Card,38,3
232,8,2/18/2024,266.14,Debit Card,20,2
233,18,2/19/2024,204.86,Cash,3,10
234,31,2/20/2024,398.58,Debit Card,22,1
235,58,2/21/2024,354.54,Credit Card,45,1
236,430,2/22/2024,194.24,PayPal,13,2
237,222,2/23/2024,195.29,Credit Card,9,3
238,341,2/24/2024,437.63,Cash,37,5
239,265,2/25/2024,301.74,Cash,34,8
240,102,2/26/2024,395.7,Cash,44,4
241,429,2/27/2024,267.83,Debit Card,49,9
242,168,2/28/2024,408.88,Debit Card,17,4
243,10,2/29/2024,326.86,PayPal,23,8
244,387,3/1/2024,292.98,Debit Card,49,4
245,60,3/2/2024,174.61,Debit Card,42,1
246,258,3/3/2024,50.84,Debit Card,6,4
247,268,3/4/2024,319.56,Debit Card,24,9
248,234,3/5/2024,356.02,Credit Card,44,3
249,244,3/6/2024,272.11,Cash,42,7
250,140,3/7/2024,28.07,Cash,16,5
251,182,3/8/2024,459.31,Credit Card,5,6
252,95,3/9/2024,394.9,Cash,48,3
253,31,3/10/2024,155.12,Credit Card,16,9
254,21,3/11/2024,77.08,Credit Card,17,5
255,358,3/12/2024,33.28,Debit Card,3,10
256,297,3/13/2024,66.52,Debit Card,43,4
257,10,3/14/2024,338.55,PayPal,46,6
258,203,3/15/2024,70.81,Debit Card,20,10
259,307,3/16/2024,463.9,PayPal,36,8
260,274,3/17/2024,80.33,PayPal,17,6
261,338,3/18/2024,97.27,PayPal,1,4
262,361,3/19/2024,235.51,Debit Card,46,6
263,424,3/20/2024,215.03,Credit Card,30,1
264,76,3/21/2024,197.93,Debit Card,49,7
265,466,3/22/2024,15.31,PayPal,20,10
266,57,3/23/2024,46.93,Debit Card,34,3
267,350,3/24/2024,493.85,PayPal,46,1
268,315,3/25/2024,173.57,PayPal,27,10
269,159,3/26/2024,151.19,Debit Card,8,2
270,485,3/27/2024,314.43,Cash,20,4
271,445,3/28/2024,461.77,PayPal,7,2
272,385,3/29/2024,411.48,Cash,44,9
273,215,3/30/2024,131.83,PayPal,19,5
274,269,3/31/2024,418.67,Cash,42,1
275,500,4/1/2024,138.52,PayPal,22,8
276,421,4/2/2024,296.88,Debit Card,16,10
277,1,4/3/2024,351.85,Cash,4,1
278,455,4/4/2024,282.88,Credit Card,44,9
279,32,4/5/2024,366.9,PayPal,32,3
280,489,4/6/2024,441.43,Debit Card,41,5
281,342,4/7/2024,347.29,Cash,39,7
282,355,4/8/2024,47.58,PayPal,17,1
283,320,4/9/2024,324.75,Credit Card,41,8
284,387,4/10/2024,231.64,Cash,29,7
285,326,4/11/2024,375.66,PayPal,25,8
286,204,4/12/2024,484.71,Cash,36,6
287,196,4/13/2024,313.74,Debit Card,49,6
288,118,4/14/2024,14.46,PayPal,48,1
289,438,4/15/2024,162.44,Credit Card,24,4
290,161,4/16/2024,402.98,Cash,8,7
291,435,4/17/2024,403.98,Credit Card,29,9
292,320,4/18/2024,294.03,PayPal,43,5
293,169,4/19/2024,347.73,Debit Card,6,3
294,313,4/20/2024,92.52,Cash,24,9
295,174,4/21/2024,9.29,Credit Card,1,7
296,400,4/22/2024,411.64,Cash,34,1
297,296,4/23/2024,367.66,Debit Card,11,9
298,436,4/24/2024,347.16,Credit Card,16,5
299,453,4/25/2024,345.8,PayPal,46,9
300,164,4/26/2024,478.01,PayPal,28,10
301,248,4/27/2024,216.81,PayPal,13,4
302,37,4/28/2024,187.3,Credit Card,50,4
303,57,4/29/2024,357.92,Cash,32,8
304,493,4/30/2024,32.71,Cash,24,1
305,361,5/1/2024,5.84,Cash,12,1
306,276,5/2/2024,39.69,PayPal,6,2
307,183,5/3/2024,315.25,Credit Card,17,7
308,132,5/4/2024,301.56,Credit Card,36,6
309,44,5/5/2024,52.95,PayPal,35,10
310,155,5/6/2024,42.19,PayPal,22,10
311,267,5/7/2024,213.82,PayPal,26,6
312,386,5/8/2024,445.28,PayPal,7,6
313,461,5/9/2024,225.3,PayPal,6,9
314,461,5/10/2024,74.94,Credit Card,50,6
315,15,5/11/2024,220.45,PayPal,16,1
316,352,5/12/2024,444.67,Credit Card,35,6
317,231,5/13/2024,482.73,Debit Card,20,4
318,294,5/14/2024,361.05,Credit Card,36,10
319,62,5/15/2024,362.54,Cash,46,4
320,205,5/16/2024,24.93,Credit Card,20,7
321,355,5/17/2024,30.1,PayPal,18,1
322,89,5/18/2024,78.63,Cash,10,9
323,187,5/19/2024,35.67,Debit Card,36,3
324,367,5/20/2024,235.52,PayPal,18,5
325,352,5/21/2024,82.56,Credit Card,7,4
326,440,5/22/2024,259.77,Debit Card,46,2
327,334,5/23/2024,161.16,Debit Card,2,8
328,496,5/24/2024,362.95,Cash,50,5
329,134,5/25/2024,111.98,PayPal,3,6
330,198,5/26/2024,226.47,Cash,1,1
331,62,5/27/2024,242.17,Credit Card,5,2
332,209,5/28/2024,204.66,Credit Card,16,4
333,314,5/29/2024,133.52,PayPal,3,4
334,130,5/30/2024,252.72,PayPal,32,10
335,50,5/31/2024,254.66,PayPal,36,6
336,22,6/1/2024,362.27,Credit Card,44,2
337,354,6/2/2024,252.92,PayPal,36,10
338,303,6/3/2024,127.54,Credit Card,50,1
339,240,6/4/2024,406.57,PayPal,18,10
340,186,6/5/2024,140.75,Credit Card,28,1
341,490,6/6/2024,175.35,Debit Card,30,6
342,277,6/7/2024,389.91,Debit Card,43,9
343,286,6/8/2024,229.97,Cash,28,1
344,310,6/9/2024,164.63,Credit Card,36,2
345,67,6/10/2024,92.22,Cash,16,5
346,262,6/11/2024,477.5,Cash,32,10
347,481,6/12/2024,276.89,PayPal,32,5
348,325,6/13/2024,119.75,Cash,43,6
349,326,6/14/2024,277.64,PayPal,49,9
350,8,6/15/2024,377.86,Cash,25,1
351,481,6/16/2024,380.54,Debit Card,1,3
352,368,6/17/2024,125.27,PayPal,10,2
353,256,6/18/2024,32.66,PayPal,22,1
354,326,6/19/2024,106.81,PayPal,8,6
355,177,6/20/2024,215.57,Credit Card,12,6
356,350,6/21/2024,307.67,Debit Card,1,1
357,143,6/22/2024,381.2,Debit Card,49,1
358,259,6/23/2024,301.4,Credit Card,32,7
359,168,6/24/2024,10.97,Cash,23,4
360,451,6/25/2024,170.81,Credit Card,10,1
361,307,6/26/2024,474.15,Credit Card,26,3
362,416,6/27/2024,229.25,Debit Card,45,6
363,402,6/28/2024,399.08,Credit Card,4,1
364,257,6/29/2024,322.09,Cash,25,8
365,446,6/30/2024,428.98,Credit Card,27,1
366,427,7/1/2024,10.34,Cash,17,7
367,388,7/2/2024,154.34,PayPal,8,3
368,78,7/3/2024,353.33,PayPal,6,7
369,147,7/4/2024,164.91,Debit Card,12,6
370,43,7/5/2024,92.03,Debit Card,4,8
371,402,7/6/2024,127.16,Cash,23,3
372,284,7/7/2024,178.94,Credit Card,14,5
373,287,7/8/2024,86.07,Credit Card,46,4
374,150,7/9/2024,374.26,Debit Card,33,10
375,420,7/10/2024,497.54,Debit Card,25,3
376,77,7/11/2024,371.37,Credit Card,17,8
377,303,7/12/2024,365.52,Cash,8,1
378,203,7/13/2024,412.68,PayPal,15,1
379,413,7/14/2024,356.97,Credit Card,21,9
380,78,7/15/2024,455,Credit Card,12,8
381,416,7/16/2024,36.03,Debit Card,49,3
382,241,7/17/2024,385.72,PayPal,8,2
383,1,7/18/2024,233.03,Cash,8,9
384,326,7/19/2024,278.51,Credit Card,10,5
385,304,7/20/2024,177.52,PayPal,13,3
386,201,7/21/2024,102.8,Credit Card,8,1
387,378,7/22/2024,186.83,Debit Card,36,8
388,407,7/23/2024,362.95,Debit Card,31,8
389,268,7/24/2024,128.35,PayPal,30,3
390,422,7/25/2024,110.83,Credit Card,37,3
391,306,7/26/2024,232.93,Debit Card,18,3
392,117,7/27/2024,276.72,PayPal,43,4
393,344,7/28/2024,462.93,Cash,48,9
394,319,7/29/2024,376.03,Cash,36,5
395,310,7/30/2024,443.95,PayPal,44,6
396,441,7/31/2024,243.27,Debit Card,18,10
397,161,8/1/2024,205.42,Credit Card,28,5
398,338,8/2/2024,239.08,Credit Card,15,6
399,323,8/3/2024,274.54,Credit Card,4,9
400,104,8/4/2024,478.15,Debit Card,21,7
401,498,8/5/2024,453.59,Credit Card,24,3
402,461,8/6/2024,67.55,Debit Card,23,4
403,398,8/7/2024,392.71,PayPal,49,9
404,206,8/8/2024,348.21,PayPal,41,9
405,302,8/9/2024,384.05,Cash,40,5
406,104,8/10/2024,76.66,Cash,8,3
407,376,8/11/2024,192.73,Cash,33,8
408,409,8/12/2024,303.41,Debit Card,24,2
409,213,8/13/2024,80.85,Credit Card,2,8
410,237,8/14/2024,86.88,PayPal,1,10
411,471,8/15/2024,286.98,Credit Card,13,1
412,89,8/16/2024,13.87,Cash,12,2
413,54,8/17/2024,151.75,Credit Card,16,4
414,426,8/18/2024,137.88,PayPal,16,3
415,429,8/19/2024,289.9,Cash,45,6
416,371,8/20/2024,24.8,PayPal,1,5
417,484,8/21/2024,428.14,Credit Card,3,8
418,297,8/22/2024,129.39,Cash,6,3
419,56,8/23/2024,455.32,PayPal,10,5
420,166,8/24/2024,432.52,PayPal,48,4
421,116,8/25/2024,153.46,PayPal,16,9
422,252,8/26/2024,497.96,PayPal,17,3
423,425,8/27/2024,318.34,Cash,9,6
424,257,8/28/2024,394.42,Cash,3,2
425,129,8/29/2024,384.35,Debit Card,13,10
426,133,8/30/2024,414.01,Credit Card,46,2
427,477,8/31/2024,491.47,PayPal,21,4
428,310,9/1/2024,496.55,Cash,2,3
429,462,9/2/2024,123.85,Credit Card,11,7
430,408,9/3/2024,462.47,Cash,22,6
431,328,9/4/2024,106.33,Cash,4,6
432,363,9/5/2024,447.94,Cash,29,9
433,291,9/6/2024,436.79,Cash,45,2
434,291,9/7/2024,326.35,Debit Card,41,9
435,249,9/8/2024,227.22,PayPal,3,5
436,451,9/9/2024,498.3,Debit Card,5,5
437,148,9/10/2024,81.01,PayPal,3,7
438,393,9/11/2024,100.69,Debit Card,16,3
439,57,9/12/2024,420.11,Debit Card,18,7
440,444,9/13/2024,472.32,Debit Card,50,9
441,286,9/14/2024,355.08,Cash,41,8
442,387,9/15/2024,474.49,Debit Card,10,10
443,258,9/16/2024,360.96,Debit Card,23,3
444,2,9/17/2024,310.69,Debit Card,47,5
445,292,9/18/2024,489.46,Credit Card,42,4
446,107,9/19/2024,319.1,Credit Card,18,8
447,261,9/20/2024,317.09,PayPal,38,9
448,108,9/21/2024,282.52,PayPal,23,9
449,221,9/22/2024,66.83,PayPal,2,9
450,419,9/23/2024,212.88,Credit Card,12,10
451,372,9/24/2024,334.92,Credit Card,21,9
452,183,9/25/2024,147.76,PayPal,7,5
453,378,9/26/2024,197.48,Cash,20,2
454,287,9/27/2024,333.93,Credit Card,43,4
455,213,9/28/2024,373.48,Credit Card,29,1
456,131,9/29/2024,20.22,Cash,34,4
457,193,9/30/2024,477.12,Cash,13,6
458,190,10/1/2024,411.07,Cash,10,1
459,179,10/2/2024,452.23,Debit Card,10,4
460,377,10/3/2024,63.01,Credit Card,50,1
461,166,10/4/2024,447.12,Debit Card,41,5
462,395,10/5/2024,228.59,Debit Card,37,5
463,36,10/6/2024,168.48,Credit Card,1,1
464,68,10/7/2024,496.89,Debit Card,47,5
465,357,10/8/2024,364.27,Credit Card,17,7
466,389,10/9/2024,486.15,Cash,4,5
467,87,10/10/2024,318.91,Debit Card,21,9
468,218,10/11/2024,322.46,Cash,45,3
469,155,10/12/2024,181.83,Cash,12,6
470,224,10/13/2024,446.56,Credit Card,44,4
471,109,10/14/2024,267.23,Debit Card,43,1
472,174,10/15/2024,17.49,PayPal,11,4
473,476,10/16/2024,398.06,PayPal,31,2
474,150,10/17/2024,413.72,Cash,37,1
475,316,10/18/2024,30.12,Credit Card,40,10
476,237,10/19/2024,239.07,PayPal,7,6
477,61,10/20/2024,210.04,Credit Card,49,8
478,326,10/21/2024,79.81,Credit Card,12,7
479,216,10/22/2024,226.91,Debit Card,1,10
480,247,10/23/2024,355.05,Debit Card,25,1
481,234,10/24/2024,389.39,Credit Card,9,7
482,199,10/25/2024,311.71,Cash,13,5
483,186,10/26/2024,450.82,Credit Card,11,5
484,400,10/27/2024,228.07,Cash,5,5
485,478,10/28/2024,145.59,Credit Card,7,5
486,15,10/29/2024,284.33,Cash,8,8
487,491,10/30/2024,206.55,Cash,46,8
488,51,10/31/2024,493.79,Debit Card,4,7
489,45,11/1/2024,69.75,Cash,19,4
490,376,11/2/2024,90.47,PayPal,39,2
491,190,11/3/2024,433.63,Credit Card,28,7
492,404,11/4/2024,484.16,Cash,14,6
493,285,11/5/2024,481.99,Debit Card,40,6
494,49,11/6/2024,168.54,Debit Card,27,4
495,484,11/7/2024,74.35,PayPal,21,5
496,177,11/8/2024,124.25,Cash,9,8
497,341,11/9/2024,92.6,PayPal,12,4
498,442,11/10/2024,98.3,Debit Card,21,2
499,310,11/11/2024,101,Credit Card,42,6
500,320,11/12/2024,156.36,Cash,35,5
501,149,11/13/2024,362.71,Debit Card,31,9
502,102,11/14/2024,438.4,PayPal,47,3
503,415,11/15/2024,440.93,Cash,21,6
504,377,11/16/2024,421.86,Cash,46,10
505,231,11/17/2024,450.04,Cash,9,7
506,162,11/18/2024,137.58,Cash,4,9
507,75,11/19/2024,145.39,Cash,15,6
508,89,11/20/2024,5.95,Credit Card,16,2
509,25,11/21/2024,462.17,Cash,40,8
510,84,11/22/2024,442.15,Credit Card,30,10
511,178,11/23/2024,150.07,Cash,29,1
512,338,11/24/2024,38.33,Debit Card,43,1
513,287,11/25/2024,214.72,PayPal,20,9
514,380,11/26/2024,296.05,Credit Card,45,4
515,456,11/27/2024,465.31,PayPal,2,1
516,500,11/28/2024,366.12,Credit Card,20,7
517,262,11/29/2024,24.08,Credit Card,10,3
518,131,11/30/2024,398.78,Credit Card,5,9
519,421,12/1/2024,89.51,Credit Card,7,2
520,33,12/2/2024,173.93,Credit Card,33,1
521,425,12/3/2024,320.69,Credit Card,4,4
522,178,12/4/2024,344.63,PayPal,40,7
523,417,12/5/2024,284.16,Credit Card,24,3
524,136,12/6/2024,205.78,Credit Card,8,7
525,462,12/7/2024,347.19,Debit Card,22,1
526,22,12/8/2024,367.11,Debit Card,47,8
527,334,12/9/2024,154.15,Debit Card,25,3
528,96,12/10/2024,456.47,Cash,40,7
529,206,12/11/2024,54.82,PayPal,43,8
530,355,12/12/2024,247.16,PayPal,19,5
531,441,12/13/2024,212.46,Cash,49,2
532,76,12/14/2024,191.18,PayPal,24,9
533,399,12/15/2024,396.78,PayPal,14,5
534,50,12/16/2024,64.72,PayPal,21,2
535,153,12/17/2024,394.39,Cash,35,2
536,316,12/18/2024,307.26,Cash,40,5
537,422,12/19/2024,82.71,PayPal,27,3
538,146,12/20/2024,409.02,Debit Card,30,10
539,419,12/21/2024,79.46,Debit Card,1,10
540,395,12/22/2024,381.67,PayPal,34,3
541,199,12/23/2024,315.9,PayPal,32,8
542,70,12/24/2024,491.41,Debit Card,49,1
543,65,12/25/2024,436.65,Credit Card,27,6
544,293,12/26/2024,305.47,Debit Card,18,8
545,158,12/27/2024,371.35,PayPal,32,8
546,251,12/28/2024,368.28,Credit Card,34,3
547,482,12/29/2024,480.38,Cash,36,10
548,220,12/30/2024,240.69,Credit Card,22,2
549,188,12/31/2024,164.6,Credit Card,37,7
550,285,1/1/2025,15.8,Debit Card,7,7
551,244,1/2/2025,151.39,Credit Card,45,4
552,203,1/3/2025,456.33,PayPal,44,10
553,438,1/4/2025,398.39,Debit Card,6,10
554,32,1/5/2025,280.58,Cash,49,4
555,113,1/6/2025,217.18,PayPal,37,7
556,26,1/7/2025,468.97,Debit Card,3,2
557,54,1/8/2025,297.35,Debit Card,32,4
558,399,1/9/2025,488.38,Credit Card,13,6
559,414,1/10/2025,184.23,PayPal,37,6
560,409,1/11/2025,375.33,Credit Card,16,6
561,333,1/12/2025,62.17,Credit Card,31,2
562,258,1/13/2025,426.59,Credit Card,26,4
563,273,1/14/2025,482.18,Cash,23,9
564,106,1/15/2025,81.84,Cash,23,6
565,131,1/16/2025,328.05,Cash,5,2
566,117,1/17/2025,460.56,PayPal,31,5
567,261,1/18/2025,402.4,Debit Card,31,7
568,108,1/19/2025,362.87,PayPal,37,3
569,460,1/20/2025,84.84,Cash,26,1
570,111,1/21/2025,324.82,PayPal,50,7
571,306,1/22/2025,283.75,Debit Card,15,3
572,2,1/23/2025,438.69,PayPal,40,4
573,298,1/24/2025,320.92,Cash,14,6
574,155,1/25/2025,443.66,Debit Card,35,9
575,228,1/26/2025,282.96,Cash,49,9
576,279,1/27/2025,245.61,Debit Card,16,7
577,204,1/28/2025,355.5,Cash,9,1
578,93,1/29/2025,65.19,Debit Card,6,5
579,143,1/30/2025,323.7,Debit Card,48,9
580,22,1/31/2025,95.38,Debit Card,7,3
581,230,2/1/2025,204.38,Credit Card,13,5
582,113,2/2/2025,15.59,Debit Card,49,5
583,296,2/3/2025,468.3,Debit Card,31,2
584,8,2/4/2025,396.51,Cash,20,4
585,144,2/5/2025,126.95,Debit Card,16,1
586,346,2/6/2025,334.08,Cash,46,2
587,351,2/7/2025,97.46,Cash,28,5
588,90,2/8/2025,171.65,Cash,21,6
589,484,2/9/2025,446.99,Cash,47,2
590,408,2/10/2025,97.93,Cash,38,5
591,275,2/11/2025,496.67,Credit Card,25,1
592,72,2/12/2025,319.86,PayPal,25,9
593,230,2/13/2025,156.09,Cash,40,3
594,424,2/14/2025,103.22,Cash,19,1
595,39,2/15/2025,93.81,Debit Card,37,7
596,172,2/16/2025,184.27,Cash,49,3
597,336,2/17/2025,92.51,PayPal,47,7
598,396,2/18/2025,253.85,Credit Card,18,4
599,341,2/19/2025,286.34,Cash,17,2
600,178,2/20/2025,433.33,Debit Card,42,10
601,28,2/21/2025,238.1,Credit Card,47,2
602,343,2/22/2025,470.16,PayPal,10,10
603,404,2/23/2025,138.45,Debit Card,32,10
604,134,2/24/2025,296.18,Cash,22,5
605,202,2/25/2025,68.69,Debit Card,2,10
606,142,2/26/2025,371.89,PayPal,25,3
607,300,2/27/2025,491.28,PayPal,35,3
608,14,2/28/2025,365.99,Credit Card,7,6
609,388,3/1/2025,496.07,Cash,47,2
610,347,3/2/2025,115.96,Credit Card,19,10
611,348,3/3/2025,85.44,Cash,45,10
612,223,3/4/2025,296.78,PayPal,42,4
613,200,3/5/2025,424.52,PayPal,6,5
614,55,3/6/2025,460.97,Debit Card,2,2
615,23,3/7/2025,495.79,Credit Card,46,1
616,171,3/8/2025,459.05,Cash,32,5
617,311,3/9/2025,285.06,Credit Card,15,6
618,45,3/10/2025,163.47,Debit Card,7,2
619,35,3/11/2025,201.19,Debit Card,48,7
620,120,3/12/2025,394.93,PayPal,33,4
621,425,3/13/2025,359.78,Debit Card,23,10
622,196,3/14/2025,159.62,Cash,13,8
623,163,3/15/2025,321.84,PayPal,48,10
624,146,3/16/2025,229.97,Cash,28,1
625,228,3/17/2025,36.89,Cash,27,6
626,106,3/18/2025,168.46,Credit Card,23,2
627,122,3/19/2025,267.24,Credit Card,32,5
628,276,3/20/2025,296.55,Cash,13,7
629,95,3/21/2025,334.2,Debit Card,11,2
630,269,3/22/2025,445.99,PayPal,7,4
631,429,3/23/2025,420.25,Credit Card,10,10
632,339,3/24/2025,232.49,PayPal,42,10
633,480,3/25/2025,498.51,PayPal,49,2
634,411,3/26/2025,362.04,Credit Card,50,8
635,169,3/27/2025,443.02,Cash,29,8
636,425,3/28/2025,470.45,Debit Card,26,8
637,411,3/29/2025,186.58,PayPal,41,10
638,416,3/30/2025,211,Cash,26,2
639,169,3/31/2025,392.03,Credit Card,29,5
640,344,4/1/2025,243.11,Credit Card,40,10
641,70,4/2/2025,424.44,PayPal,33,1
642,62,4/3/2025,207.81,Credit Card,1,4
643,320,4/4/2025,184.18,Credit Card,34,7
644,249,4/5/2025,477.28,PayPal,7,9
645,60,4/6/2025,364.29,PayPal,11,6
646,405,4/7/2025,313.23,Credit Card,26,5
647,305,4/8/2025,489.59,Cash,48,7
648,382,4/9/2025,15.41,Debit Card,25,10
649,206,4/10/2025,399.46,Cash,1,7
650,171,4/11/2025,53.69,PayPal,22,1
651,115,4/12/2025,313.35,Debit Card,1,10
652,438,4/13/2025,270.66,PayPal,15,6
653,447,4/14/2025,214.64,Credit Card,16,10
654,297,4/15/2025,170.5,PayPal,43,5
655,85,4/16/2025,224.08,Credit Card,30,7
656,47,4/17/2025,458.82,Credit Card,26,9
657,248,4/18/2025,459.56,Credit Card,7,3
658,486,4/19/2025,444.13,Cash,13,8
659,157,4/20/2025,259.39,Cash,26,3
660,237,4/21/2025,457.85,Cash,44,3
661,222,4/22/2025,405.22,PayPal,43,10
662,8,4/23/2025,15.45,PayPal,33,3
663,230,4/24/2025,327.24,Cash,32,9
664,294,4/25/2025,77.78,Debit Card,48,2
665,377,4/26/2025,21.59,Debit Card,22,9
666,290,4/27/2025,109.86,PayPal,50,4
667,126,4/28/2025,214.72,Credit Card,23,1
668,482,4/29/2025,429.84,Cash,14,4
669,265,4/30/2025,202.24,Credit Card,38,9
670,470,5/1/2025,125.41,Cash,47,10
671,451,5/2/2025,155.43,Credit Card,25,9
672,147,5/3/2025,480.18,PayPal,15,7
673,500,5/4/2025,211.04,Credit Card,32,8
674,407,5/5/2025,280.23,Cash,49,8
675,400,5/6/2025,261.59,Cash,26,1
676,73,5/7/2025,112.04,Credit Card,49,3
677,463,5/8/2025,287.04,Debit Card,25,7
678,70,5/9/2025,19.15,PayPal,44,1
679,163,5/10/2025,121.45,Credit Card,42,3
680,475,5/11/2025,23.85,Cash,36,8
681,181,5/12/2025,113.67,Credit Card,18,1
682,372,5/13/2025,271.03,Debit Card,22,3
683,79,5/14/2025,472.73,PayPal,27,10
684,93,5/15/2025,477.98,Credit Card,42,2
685,312,5/16/2025,310.83,Credit Card,49,7
686,314,5/17/2025,45.13,Credit Card,23,5
687,417,5/18/2025,394.03,Credit Card,1,9
688,150,5/19/2025,367.87,Credit Card,27,4
689,370,5/20/2025,432.18,Debit Card,19,6
690,136,5/21/2025,345.01,Credit Card,11,4
691,138,5/22/2025,323.41,PayPal,42,1
692,350,5/23/2025,10.79,Debit Card,25,2
693,167,5/24/2025,284.26,Credit Card,8,8
694,66,5/25/2025,218.16,Cash,22,10
695,40,5/26/2025,55.7,Cash,31,7
696,418,5/27/2025,313.59,Cash,47,2
697,84,5/28/2025,466.77,Debit Card,41,8
698,254,5/29/2025,115.18,PayPal,50,2
699,42,5/30/2025,233.71,Cash,5,8
700,45,5/31/2025,319.33,Credit Card,29,7
701,416,6/1/2025,196.79,Credit Card,8,4
702,186,6/2/2025,415.43,Cash,4,6
703,309,6/3/2025,360.53,Cash,49,4
704,213,6/4/2025,115.24,Credit Card,21,2
705,53,6/5/2025,224.16,Debit Card,22,9
706,96,6/6/2025,324.52,PayPal,6,9
707,289,6/7/2025,77.36,Debit Card,34,7
708,112,6/8/2025,498.97,PayPal,39,5
709,159,6/9/2025,51.39,Cash,36,5
710,30,6/10/2025,246.47,PayPal,28,5
711,465,6/11/2025,271.1,Credit Card,33,1
712,235,6/12/2025,9.69,Credit Card,45,4
713,264,6/13/2025,111.51,Credit Card,48,10
714,388,6/14/2025,60.25,Cash,47,8
715,354,6/15/2025,101.37,Credit Card,9,9
716,283,6/16/2025,402.62,Cash,33,5
717,207,6/17/2025,466.35,Credit Card,9,1
718,424,6/18/2025,330.28,Cash,40,1
719,271,6/19/2025,115.96,Debit Card,10,5
720,186,6/20/2025,393,Cash,50,3
721,261,6/21/2025,422.92,Credit Card,27,6
722,316,6/22/2025,332.84,PayPal,16,9
723,422,6/23/2025,186.73,PayPal,23,9
724,366,6/24/2025,321.91,PayPal,28,3
725,203,6/25/2025,376.86,Cash,22,3
726,114,6/26/2025,41.95,Cash,11,3
727,403,6/27/2025,318.87,Debit Card,41,8
728,389,6/28/2025,482.34,Debit Card,1,4
729,446,6/29/2025,170.85,PayPal,5,4
730,269,6/30/2025,303.85,Credit Card,50,1
731,105,7/1/2025,485.77,Credit Card,8,7
732,334,7/2/2025,481.86,PayPal,46,4
733,108,7/3/2025,418.8,Cash,2,1
734,351,7/4/2025,163.91,Credit Card,29,8
735,187,7/5/2025,280.34,PayPal,2,9
736,92,7/6/2025,469.21,Cash,9,10
737,371,7/7/2025,69.06,Credit Card,40,8
738,199,7/8/2025,295.1,Cash,4,6
739,274,7/9/2025,140.44,PayPal,12,7
740,53,7/10/2025,229.67,Cash,27,4
741,30,7/11/2025,436.05,PayPal,21,8
742,336,7/12/2025,142.8,Cash,8,8
743,242,7/13/2025,373.18,PayPal,1,6
744,194,7/14/2025,471.12,Cash,8,5
745,207,7/15/2025,35.82,Debit Card,41,3
746,422,7/16/2025,416.12,Credit Card,39,1
747,91,7/17/2025,173.86,Cash,4,5
748,190,7/18/2025,224.63,Debit Card,5,6
749,76,7/19/2025,155.19,Credit Card,17,1
750,379,7/20/2025,366.06,PayPal,35,5
751,255,7/21/2025,305.43,Credit Card,38,5
752,157,7/22/2025,459.59,Debit Card,28,6
753,58,7/23/2025,477.91,Cash,25,10
754,461,7/24/2025,335.83,Credit Card,16,9
755,151,7/25/2025,26.33,PayPal,28,10
756,333,7/26/2025,25.62,Cash,13,3
757,455,7/27/2025,347.4,PayPal,7,2
758,181,7/28/2025,275.18,PayPal,37,1
759,395,7/29/2025,58.56,Cash,2,8
760,384,7/30/2025,162.31,Credit Card,28,2
761,377,7/31/2025,270.21,PayPal,21,5
762,319,8/1/2025,5.97,Credit Card,12,7
763,97,8/2/2025,127.32,Credit Card,49,9
764,110,8/3/2025,114.16,PayPal,43,7
765,364,8/4/2025,381.9,PayPal,7,4
766,192,8/5/2025,401.06,Cash,7,10
767,372,8/6/2025,395.97,Debit Card,46,8
768,123,8/7/2025,25.46,Debit Card,48,1
769,46,8/8/2025,476.06,Cash,45,4
770,211,8/9/2025,80.09,PayPal,20,1
771,429,8/10/2025,447.27,Credit Card,1,6
772,331,8/11/2025,180.98,PayPal,11,8
773,181,8/12/2025,137.68,Cash,43,10
774,383,8/13/2025,59.75,Cash,10,8
775,290,8/14/2025,402.09,Debit Card,2,7
776,234,8/15/2025,138.91,PayPal,17,5
777,489,8/16/2025,84.58,Debit Card,23,6
778,50,8/17/2025,145.35,Debit Card,5,5
779,88,8/18/2025,106.89,Debit Card,2,8
780,22,8/19/2025,34.81,Cash,13,6
781,461,8/20/2025,108.58,Credit Card,41,3
782,113,8/21/2025,354.36,Cash,36,9
783,112,8/22/2025,209.03,Debit Card,17,7
784,150,8/23/2025,125.73,Debit Card,30,8
785,218,8/24/2025,66.74,Credit Card,44,3
786,419,8/25/2025,70.33,Credit Card,22,2
787,398,8/26/2025,328.79,PayPal,43,6
788,204,8/27/2025,60.62,PayPal,36,6
789,364,8/28/2025,332.39,Credit Card,36,3
790,155,8/29/2025,399.69,PayPal,34,8
791,230,8/30/2025,358.88,Debit Card,42,10
792,209,8/31/2025,376.57,Cash,21,4
793,284,9/1/2025,7.92,Cash,5,9
794,311,9/2/2025,405.85,PayPal,20,3
795,91,9/3/2025,149.76,Credit Card,45,5
796,370,9/4/2025,424.76,Cash,50,7
797,212,9/5/2025,247.51,Cash,32,6
798,168,9/6/2025,345.02,Debit Card,35,7
799,144,9/7/2025,381.44,Debit Card,22,6
800,286,9/8/2025,431.56,Cash,49,2
801,466,9/9/2025,307.45,Credit Card,47,10
802,127,9/10/2025,122.63,Cash,37,3
803,484,9/11/2025,277.81,PayPal,2,10
804,438,9/12/2025,337.96,PayPal,26,2
805,58,9/13/2025,169,PayPal,24,7
806,185,9/14/2025,161.22,PayPal,29,4
807,274,9/15/2025,483.93,Cash,24,5
808,271,9/16/2025,475.01,PayPal,24,6
809,17,9/17/2025,355.74,Credit Card,23,10
810,471,9/18/2025,478.86,Credit Card,2,8
811,118,9/19/2025,156.77,PayPal,6,3
812,459,9/20/2025,194.54,PayPal,33,6
813,70,9/21/2025,368.32,Debit Card,24,1
814,36,9/22/2025,378.64,Credit Card,45,3
815,474,9/23/2025,132.92,Debit Card,41,2
816,277,9/24/2025,117.15,Debit Card,19,8
817,397,9/25/2025,247.02,Debit Card,7,1
818,73,9/26/2025,211.47,Debit Card,41,4
819,498,9/27/2025,36.42,Debit Card,31,4
820,131,9/28/2025,457.34,PayPal,33,7
821,77,9/29/2025,200.12,PayPal,7,9
822,404,9/30/2025,463.91,Cash,28,2
823,360,10/1/2025,142.98,PayPal,43,7
824,99,10/2/2025,86.61,Credit Card,1,4
825,347,10/3/2025,264.63,Debit Card,43,10
826,331,10/4/2025,361.71,Debit Card,23,9
827,389,10/5/2025,40.11,Cash,41,7
828,130,10/6/2025,32.71,Debit Card,2,7
829,51,10/7/2025,282.04,Cash,12,5
830,469,10/8/2025,445.22,Cash,34,6
831,390,10/9/2025,36.34,PayPal,7,1
832,483,10/10/2025,405.13,Debit Card,27,2
833,468,10/11/2025,235.6,PayPal,32,10
834,426,10/12/2025,293.49,Credit Card,46,8
835,142,10/13/2025,497.79,Debit Card,45,4
836,348,10/14/2025,202.03,PayPal,28,8
837,13,10/15/2025,111.77,Debit Card,33,2
838,359,10/16/2025,429.26,PayPal,44,10
839,27,10/17/2025,489.59,PayPal,37,3
840,35,10/18/2025,29.56,Cash,14,1
841,233,10/19/2025,72,Debit Card,4,1
842,59,10/20/2025,444.21,PayPal,5,8
843,319,10/21/2025,489.39,PayPal,3,7
844,371,10/22/2025,173.87,Cash,3,7
845,26,10/23/2025,15.38,Credit Card,44,4
846,449,10/24/2025,72.27,Debit Card,8,10
847,207,10/25/2025,385.5,Cash,17,4
848,228,10/26/2025,425.89,Cash,4,10
849,498,10/27/2025,305.8,Debit Card,32,1
850,279,10/28/2025,14.18,PayPal,3,3
851,91,10/29/2025,491.77,Cash,4,10
852,299,10/30/2025,115.97,Cash,18,8
853,86,10/31/2025,96.96,PayPal,39,3
854,423,11/1/2025,22.32,Cash,24,1
855,495,11/2/2025,45.38,Credit Card,37,7
856,376,11/3/2025,78.32,Cash,46,2
857,275,11/4/2025,499.78,Cash,40,8
858,27,11/5/2025,447.92,Debit Card,45,8
859,258,11/6/2025,213.62,Credit Card,14,7
860,23,11/7/2025,304.08,Cash,38,10
861,125,11/8/2025,142.28,Cash,24,3
862,228,11/9/2025,414.21,PayPal,24,10
863,385,11/10/2025,39.29,Credit Card,17,9
864,129,11/11/2025,114.57,PayPal,10,8
865,65,11/12/2025,407.67,Debit Card,34,5
866,381,11/13/2025,212.05,Cash,36,8
867,361,11/14/2025,216.01,PayPal,12,10
868,224,11/15/2025,166.59,Debit Card,29,10
869,386,11/16/2025,71.69,Cash,43,10
870,452,11/17/2025,418.09,Cash,6,10
871,397,11/18/2025,391.64,Cash,42,10
872,224,11/19/2025,467.79,Debit Card,49,8
873,452,11/20/2025,143.97,PayPal,26,3
874,301,11/21/2025,51.44,Debit Card,25,5
875,46,11/22/2025,16.92,Cash,33,3
876,56,11/23/2025,416.53,Debit Card,13,1
877,108,11/24/2025,386.95,Debit Card,50,1
878,463,11/25/2025,211.6,Cash,46,7
879,382,11/26/2025,372.21,PayPal,10,7
880,399,11/27/2025,456.94,Credit Card,35,10
881,406,11/28/2025,157.41,Debit Card,10,4
882,370,11/29/2025,285.35,Debit Card,6,9
883,313,11/30/2025,256.07,Credit Card,28,2
884,215,12/1/2025,40.42,Cash,34,3
885,86,12/2/2025,9.63,Credit Card,8,4
886,383,12/3/2025,119.25,Debit Card,4,4
887,369,12/4/2025,119.64,Debit Card,29,4
888,187,12/5/2025,415.99,Cash,26,4
889,229,12/6/2025,311.19,Credit Card,38,4
890,423,12/7/2025,460.18,PayPal,45,10
891,35,12/8/2025,219.04,Credit Card,31,1
892,243,12/9/2025,30.61,Credit Card,41,10
893,51,12/10/2025,354.82,Cash,22,9
894,118,12/11/2025,34.58,Credit Card,32,10
895,489,12/12/2025,284.67,Debit Card,44,2
896,342,12/13/2025,337.47,Cash,18,10
897,489,12/14/2025,469.2,PayPal,50,5
898,201,12/15/2025,450.82,PayPal,36,3
899,199,12/16/2025,474.18,Credit Card,11,1
900,158,12/17/2025,248.07,Cash,28,10
901,215,12/18/2025,202.48,PayPal,29,8
902,301,12/19/2025,80.01,Cash,46,5
903,133,12/20/2025,440.15,PayPal,29,9
904,307,12/21/2025,212.78,Credit Card,46,8
905,81,12/22/2025,236.24,Credit Card,14,10
906,285,12/23/2025,413.23,Debit Card,2,4
907,250,12/24/2025,85.95,PayPal,23,4
908,164,12/25/2025,139.86,Cash,15,8
909,110,12/26/2025,241.9,Credit Card,14,6
910,18,12/27/2025,405.19,Credit Card,30,3
911,130,12/28/2025,42.67,PayPal,20,2
912,179,12/29/2025,146.48,Cash,7,9
913,13,12/30/2025,390.78,PayPal,5,4
914,408,12/31/2025,403.07,Credit Card,9,6
915,274,1/1/2026,368.87,Debit Card,42,1
916,248,1/2/2026,195.3,Credit Card,5,6
917,25,1/3/2026,434.51,Cash,48,5
918,159,1/4/2026,32.23,Cash,5,5
919,302,1/5/2026,203.64,PayPal,24,3
920,33,1/6/2026,157.07,PayPal,8,1
921,55,1/7/2026,64.96,Debit Card,44,10
922,442,1/8/2026,27.04,Cash,19,4
923,401,1/9/2026,101.36,Cash,37,7
924,122,1/10/2026,329.03,Credit Card,46,8
925,341,1/11/2026,493.92,Debit Card,38,7
926,114,1/12/2026,358.49,Credit Card,10,5
927,454,1/13/2026,46.04,Credit Card,7,5
928,127,1/14/2026,17.55,Debit Card,33,10
929,209,1/15/2026,418.1,Cash,9,6
930,229,1/16/2026,227.89,PayPal,35,5
931,262,1/17/2026,463.86,Credit Card,1,3
932,425,1/18/2026,361.77,Debit Card,40,2
933,248,1/19/2026,246.51,Debit Card,30,2
934,325,1/20/2026,92.85,PayPal,19,5
935,352,1/21/2026,52.39,Credit Card,29,8
936,166,1/22/2026,404.92,Cash,50,3
937,65,1/23/2026,243.04,Debit Card,41,8
938,261,1/24/2026,473.08,Debit Card,26,4
939,487,1/25/2026,443.62,Debit Card,32,5
940,226,1/26/2026,286.11,PayPal,33,3
941,479,1/27/2026,216.07,Credit Card,22,7
942,500,1/28/2026,359.66,PayPal,11,8
943,15,1/29/2026,369.31,Cash,18,1
944,386,1/30/2026,420.97,Credit Card,42,7
945,449,1/31/2026,157.63,PayPal,48,2
946,89,2/1/2026,271.44,PayPal,43,5
947,261,2/2/2026,11.6,Debit Card,27,10
948,156,2/3/2026,257.38,Debit Card,47,4
949,29,2/4/2026,489.22,PayPal,7,3
950,211,2/5/2026,78.29,Debit Card,24,2
951,73,2/6/2026,179.51,PayPal,14,6
952,75,2/7/2026,424.05,Credit Card,5,3
953,54,2/8/2026,80.2,Debit Card,49,8
954,113,2/9/2026,495.09,Credit Card,47,9
955,197,2/10/2026,424.3,Debit Card,22,7
956,197,2/11/2026,384.77,Credit Card,6,4
957,26,2/12/2026,448.47,Credit Card,14,10
958,466,2/13/2026,330.2,Debit Card,24,10
959,452,2/14/2026,444.18,PayPal,13,6
960,402,2/15/2026,393.86,Cash,13,2
961,381,2/16/2026,280.33,Credit Card,43,10
962,91,2/17/2026,451.14,Cash,48,7
963,340,2/18/2026,302.15,Credit Card,11,3
964,315,2/19/2026,482.42,Credit Card,18,10
965,377,2/20/2026,287.36,PayPal,49,2
966,303,2/21/2026,78.94,PayPal,15,4
967,15,2/22/2026,185.79,Cash,9,2
968,120,2/23/2026,24.49,Cash,40,7
969,281,2/24/2026,411.97,Debit Card,19,1
970,4,2/25/2026,267.69,Debit Card,48,7
971,375,2/26/2026,189.78,PayPal,5,5
972,186,2/27/2026,315.21,Credit Card,32,10
973,246,2/28/2026,348.44,Cash,47,1
974,220,3/1/2026,10.93,Debit Card,15,3
975,181,3/2/2026,319.32,PayPal,40,5
976,450,3/3/2026,376.13,Credit Card,36,6
977,264,3/4/2026,453.85,PayPal,31,1
978,341,3/5/2026,299.23,Cash,14,4
979,499,3/6/2026,279.79,Debit Card,42,10
980,384,3/7/2026,164.4,PayPal,10,2
981,333,3/8/2026,162.4,Credit Card,23,10
982,262,3/9/2026,230.64,PayPal,47,3
983,340,3/10/2026,174.64,Cash,35,9
984,488,3/11/2026,298.23,Credit Card,7,1
985,61,3/12/2026,330.37,Debit Card,15,3
986,177,3/13/2026,392.86,Credit Card,21,5
987,392,3/14/2026,470.14,PayPal,1,1
988,68,3/15/2026,332.31,Credit Card,18,4
989,324,3/16/2026,59.07,PayPal,44,6
990,338,3/17/2026,474.31,Cash,7,10
991,500,3/18/2026,490.89,Cash,14,7
992,150,3/19/2026,357.03,Cash,17,8
993,292,3/20/2026,320.6,Credit Card,33,10
994,440,3/21/2026,46.5,Cash,38,6
995,209,3/22/2026,60.56,Credit Card,8,3
996,124,3/23/2026,278.05,Cash,44,7
997,257,3/24/2026,5.5,Cash,18,10
998,197,3/25/2026,24.25,PayPal,3,7
999,5,3/26/2026,259.03,Cash,18,1
1000,176,3/27/2026,124.54,Cash,43,6
