customer_id,gender,address
1,Male,"Dallas,Tax"
2,Female,"San Diego,California"
3,Male,"Phoenix,Arizona"
4,Non-Binary,"Chicago,Illinois"
5,Male,"Philadelphia,Pennsylvania"
6,Male,"Phoenix,Arizona"
7,Non-Binary,"San Diego,California"
8,Female,"Houston,Tax"
9,Male,"Phoenix,Arizona"
10,Male,"Philadelphia,Pennsylvania"
11,Male,"San Jose,California"
12,Male,"Philadelphia,Pennsylvania"
13,Male,"Chicago,Illinois"
14,Female,"San Diego,California"
15,Female,"San Antonio,Tax"
16,Male,"Chicago,Illinois"
17,Male,"San Jose,California"
18,Male,"San Jose,California"
19,Male,"Dallas,Tax"
20,Male,"San Jose,California"
21,Female,"Houston,Tax"
22,Male,"San Diego,California"
23,Male,"Dallas,Tax"
24,Non-Binary,"San Antonio,Tax"
25,Female,"Phoenix,Arizona"
26,Female,"Los Angeles,California"
27,Non-Binary,"Phoenix,Arizona"
28,Male,"San Antonio,Tax"
29,Male,"San Jose,California"
30,Non-Binary,"San Jose,California"
31,Female,"Phoenix,Arizona"
32,Male,"Dallas,Tax"
33,Female,"Chicago,Illinois"
34,Male,"Dallas,Tax"
35,Female,"Philadelphia,Pennsylvania"
36,Female,"New York,New York"
37,Male,"San Diego,California"
38,Male,"Houston,Tax"
39,Female,"Dallas,Tax"
40,Female,"San Antonio,Tax"
41,Non-Binary,"New York,New York"
42,Non-Binary,"Phoenix,Arizona"
43,Male,"Dallas,Tax"
44,Male,"Chicago,Illinois"
45,Male,"Houston,Tax"
46,Female,"Dallas,Tax"
47,Male,"Los Angeles,California"
48,Non-Binary,"Philadelphia,Pennsylvania"
49,Female,"Chicago,Illinois"
50,Non-Binary,"San Jose,California"
51,Male,"Dallas,Tax"
52,Female,"Phoenix,Arizona"
53,Male,"New York,New York"
54,Female,"Houston,Tax"
55,Female,"Philadelphia,Pennsylvania"
56,Female,"San Jose,California"
57,Female,"Los Angeles,California"
58,Female,"Philadelphia,Pennsylvania"
59,Female,"San Diego,California"
60,Male,"Philadelphia,Pennsylvania"
61,Female,"Dallas,Tax"
62,Female,"Philadelphia,Pennsylvania"
63,Female,"San Jose,California"
64,Female,"San Antonio,Tax"
65,Non-Binary,"Philadelphia,Pennsylvania"
66,Male,"Phoenix,Arizona"
67,Non-Binary,"Philadelphia,Pennsylvania"
68,Female,"Houston,Tax"
69,Female,"Philadelphia,Pennsylvania"
70,Male,"Chicago,Illinois"
71,Female,"Los Angeles,California"
72,Male,"Los Angeles,California"
73,Male,"San Antonio,Tax"
74,Female,"San Antonio,Tax"
75,Female,"Phoenix,Arizona"
76,Male,"New York,New York"
77,Female,"San Diego,California"
78,Male,"Dallas,Tax"
79,Female,"San Jose,California"
80,Female,"Dallas,Tax"
81,Female,"Dallas,Tax"
82,Male,"San Jose,California"
83,Male,"Philadelphia,Pennsylvania"
84,Female,"Houston,Tax"
85,Male,"San Diego,California"
86,Female,"Chicago,Illinois"
87,Female,"Dallas,Tax"
88,Female,"Dallas,Tax"
89,Male,"Dallas,Tax"
90,Male,"Philadelphia,Pennsylvania"
91,Female,"San Jose,California"
92,Male,"Philadelphia,Pennsylvania"
93,Female,"Phoenix,Arizona"
94,Male,"San Antonio,Tax"
95,Female,"San Jose,California"
96,Non-Binary,"San Jose,California"
97,Male,"San Diego,California"
98,Male,"New York,New York"
99,Male,"San Antonio,Tax"
100,Male,"Phoenix,Arizona"
101,Female,"San Antonio,Tax"
102,Male,"Dallas,Tax"
103,Non-Binary,"Chicago,Illinois"
104,Female,"San Diego,California"
105,Male,"Los Angeles,California"
106,Male,"Chicago,Illinois"
107,Female,"San Diego,California"
108,Male,"Houston,Tax"
109,Non-Binary,"Dallas,Tax"
110,Male,"Los Angeles,California"
111,Female,"Los Angeles,California"
112,Female,"San Antonio,Tax"
113,Male,"New York,New York"
114,Male,"Philadelphia,Pennsylvania"
115,Male,"San Jose,California"
116,Male,"Philadelphia,Pennsylvania"
117,Male,"San Antonio,Tax"
118,Male,"New York,New York"
119,Female,"San Antonio,Tax"
120,Female,"San Antonio,Tax"
121,Female,"Philadelphia,Pennsylvania"
122,Female,"Houston,Tax"
123,Male,"Houston,Tax"
124,Male,"San Jose,California"
125,Male,"New York,New York"
126,Female,"New York,New York"
127,Male,"San Jose,California"
128,Male,"Los Angeles,California"
129,Female,"Los Angeles,California"
130,Male,"Chicago,Illinois"
131,Female,"Dallas,Tax"
132,Non-Binary,"San Jose,California"
133,Male,"New York,New York"
134,Non-Binary,"Phoenix,Arizona"
135,Female,"Los Angeles,California"
136,Female,"Chicago,Illinois"
137,Male,"Chicago,Illinois"
138,Female,"San Antonio,Tax"
139,Female,"Houston,Tax"
140,Male,"Los Angeles,California"
141,Male,"Philadelphia,Pennsylvania"
142,Male,"New York,New York"
143,Female,"Los Angeles,California"
144,Male,"San Jose,California"
145,Female,"Los Angeles,California"
146,Female,"Houston,Tax"
147,Male,"San Diego,California"
148,Non-Binary,"Dallas,Tax"
149,Male,"San Jose,California"
150,Male,"Los Angeles,California"
151,Female,"San Antonio,Tax"
152,Male,"San Jose,California"
153,Female,"New York,New York"
154,Male,"San Antonio,Tax"
155,Female,"Dallas,Tax"
156,Female,"Houston,Tax"
157,Female,"Chicago,Illinois"
158,Male,"Philadelphia,Pennsylvania"
159,Female,"Phoenix,Arizona"
160,Female,"Los Angeles,California"
161,Female,"Phoenix,Arizona"
162,Female,"Phoenix,Arizona"
163,Male,"Philadelphia,Pennsylvania"
164,Non-Binary,"Philadelphia,Pennsylvania"
165,Male,"Houston,Tax"
166,Male,"Houston,Tax"
167,Female,"Dallas,Tax"
168,Male,"Chicago,Illinois"
169,Female,"Philadelphia,Pennsylvania"
170,Non-Binary,"New York,New York"
171,Male,"San Diego,California"
172,Male,"Houston,Tax"
173,Male,"New York,New York"
174,Male,"Chicago,Illinois"
175,Female,"Chicago,Illinois"
176,Male,"San Jose,California"
177,Female,"Houston,Tax"
178,Non-Binary,"Chicago,Illinois"
179,Non-Binary,"Houston,Tax"
180,Female,"San Jose,California"
181,Female,"San Antonio,Tax"
182,Female,"San Antonio,Tax"
183,Female,"San Diego,California"
184,Male,"Houston,Tax"
185,Male,"Phoenix,Arizona"
186,Female,"San Antonio,Tax"
187,Male,"New York,New York"
188,Male,"Los Angeles,California"
189,Male,"Houston,Tax"
190,Male,"Chicago,Illinois"
191,Non-Binary,"San Antonio,Tax"
192,Non-Binary,"Houston,Tax"
193,Male,"Dallas,Tax"
194,Female,"Philadelphia,Pennsylvania"
195,Male,"Phoenix,Arizona"
196,Non-Binary,"Phoenix,Arizona"
197,Male,"San Diego,California"
198,Non-Binary,"Phoenix,Arizona"
199,Female,"San Antonio,Tax"
200,Female,"New York,New York"
201,Female,"Phoenix,Arizona"
202,Female,"Chicago,Illinois"
203,Male,"Los Angeles,California"
204,Female,"Philadelphia,Pennsylvania"
205,Male,"Phoenix,Arizona"
206,Male,"Philadelphia,Pennsylvania"
207,Male,"San Diego,California"
208,Male,"Dallas,Tax"
209,Female,"Phoenix,Arizona"
210,Male,"Houston,Tax"
211,Male,"Phoenix,Arizona"
212,Female,"Dallas,Tax"
213,Male,"Dallas,Tax"
214,Male,"Dallas,Tax"
215,Male,"Los Angeles,California"
216,Female,"San Jose,California"
217,Female,"San Antonio,Tax"
218,Female,"New York,New York"
219,Female,"San Diego,California"
220,Male,"San Jose,California"
221,Male,"Phoenix,Arizona"
222,Female,"San Antonio,Tax"
223,Female,"Houston,Tax"
224,Male,"Chicago,Illinois"
225,Male,"San Diego,California"
226,Female,"New York,New York"
227,Male,"Dallas,Tax"
228,Male,"Philadelphia,Pennsylvania"
229,Non-Binary,"New York,New York"
230,Male,"Los Angeles,California"
231,Female,"San Antonio,Tax"
232,Female,"Dallas,Tax"
233,Male,"Chicago,Illinois"
234,Male,"San Jose,California"
235,Female,"Los Angeles,California"
236,Male,"Dallas,Tax"
237,Male,"Houston,Tax"
238,Female,"New York,New York"
239,Male,"Chicago,Illinois"
240,Non-Binary,"Phoenix,Arizona"
241,Male,"San Diego,California"
242,Female,"Dallas,Tax"
243,Female,"Los Angeles,California"
244,Female,"Philadelphia,Pennsylvania"
245,Male,"San Antonio,Tax"
246,Non-Binary,"Houston,Tax"
247,Female,"Dallas,Tax"
248,Female,"Chicago,Illinois"
249,Male,"New York,New York"
250,Female,"New York,New York"
251,Non-Binary,"San Antonio,Tax"
252,Female,"Philadelphia,Pennsylvania"
253,Male,"San Jose,California"
254,Non-Binary,"San Jose,California"
255,Male,"San Jose,California"
256,Female,"New York,New York"
257,Male,"San Diego,California"
258,Female,"San Diego,California"
259,Female,"San Antonio,Tax"
260,Male,"San Diego,California"
261,Female,"San Jose,California"
262,Non-Binary,"San Antonio,Tax"
263,Male,"Houston,Tax"
264,Male,"Philadelphia,Pennsylvania"
265,Male,"Chicago,Illinois"
266,Female,"Philadelphia,Pennsylvania"
267,Non-Binary,"New York,New York"
268,Male,"Los Angeles,California"
269,Female,"Houston,Tax"
270,Female,"San Diego,California"
271,Male,"San Diego,California"
272,Male,"Houston,Tax"
273,Male,"San Antonio,Tax"
274,Non-Binary,"New York,New York"
275,Female,"Los Angeles,California"
276,Female,"San Jose,California"
277,Female,"Chicago,Illinois"
278,Male,"Houston,Tax"
279,Female,"Philadelphia,Pennsylvania"
280,Female,"Chicago,Illinois"
281,Female,"Phoenix,Arizona"
282,Male,"Chicago,Illinois"
283,Male,"New York,New York"
284,Male,"Los Angeles,California"
285,Female,"Philadelphia,Pennsylvania"
286,Male,"New York,New York"
287,Female,"Phoenix,Arizona"
288,Female,"Houston,Tax"
289,Male,"Phoenix,Arizona"
290,Male,"New York,New York"
291,Female,"San Jose,California"
292,Female,"Phoenix,Arizona"
293,Male,"Dallas,Tax"
294,Female,"San Jose,California"
295,Female,"Houston,Tax"
296,Female,"Phoenix,Arizona"
297,Female,"San Antonio,Tax"
298,Female,"Phoenix,Arizona"
299,Female,"Houston,Tax"
300,Non-Binary,"San Diego,California"
301,Male,"Dallas,Tax"
302,Male,"San Jose,California"
303,Male,"San Antonio,Tax"
304,Female,"Houston,Tax"
305,Female,"San Jose,California"
306,Male,"San Antonio,Tax"
307,Female,"New York,New York"
308,Female,"New York,New York"
309,Male,"San Diego,California"
310,Female,"New York,New York"
311,Non-Binary,"New York,New York"
312,Female,"Houston,Tax"
313,Female,"Philadelphia,Pennsylvania"
314,Male,"Phoenix,Arizona"
315,Female,"Phoenix,Arizona"
316,Male,"Philadelphia,Pennsylvania"
317,Female,"San Antonio,Tax"
318,Female,"Phoenix,Arizona"
319,Female,"Houston,Tax"
320,Female,"San Jose,California"
321,Female,"Chicago,Illinois"
322,Female,"San Diego,California"
323,Female,"Phoenix,Arizona"
324,Female,"Houston,Tax"
325,Male,"New York,New York"
326,Female,"Dallas,Tax"
327,Female,"San Diego,California"
328,Female,"San Jose,California"
329,Male,"Phoenix,Arizona"
330,Male,"San Antonio,Tax"
331,Female,"Los Angeles,California"
332,Female,"Houston,Tax"
333,Female,"Chicago,Illinois"
334,Male,"New York,New York"
335,Male,"San Jose,California"
336,Female,"Chicago,Illinois"
337,Male,"Los Angeles,California"
338,Non-Binary,"Los Angeles,California"
339,Male,"Houston,Tax"
340,Male,"Philadelphia,Pennsylvania"
341,Female,"Los Angeles,California"
342,Female,"San Jose,California"
343,Male,"San Jose,California"
344,Male,"Los Angeles,California"
345,Male,"Phoenix,Arizona"
346,Non-Binary,"San Antonio,Tax"
347,Non-Binary,"Dallas,Tax"
348,Male,"Phoenix,Arizona"
349,Female,"San Jose,California"
350,Female,"Houston,Tax"
351,Male,"Phoenix,Arizona"
352,Female,"Phoenix,Arizona"
353,Female,"San Antonio,Tax"
354,Male,"Chicago,Illinois"
355,Female,"San Antonio,Tax"
356,Female,"Chicago,Illinois"
357,Male,"Houston,Tax"
358,Male,"San Jose,California"
359,Female,"Dallas,Tax"
360,Female,"Dallas,Tax"
361,Non-Binary,"New York,New York"
362,Female,"Los Angeles,California"
363,Male,"Chicago,Illinois"
364,Female,"San Diego,California"
365,Female,"Dallas,Tax"
366,Male,"Philadelphia,Pennsylvania"
367,Male,"San Diego,California"
368,Male,"Dallas,Tax"
369,Male,"New York,New York"
370,Female,"New York,New York"
371,Male,"Dallas,Tax"
372,Male,"New York,New York"
373,Female,"Chicago,Illinois"
374,Female,"New York,New York"
375,Female,"New York,New York"
376,Female,"Dallas,Tax"
377,Female,"Houston,Tax"
378,Male,"Los Angeles,California"
379,Female,"Los Angeles,California"
380,Female,"San Antonio,Tax"
381,Male,"San Jose,California"
382,Male,"Philadelphia,Pennsylvania"
383,Female,"San Jose,California"
384,Female,"Philadelphia,Pennsylvania"
385,Male,"Philadelphia,Pennsylvania"
386,Male,"San Antonio,Tax"
387,Male,"Dallas,Tax"
388,Male,"San Diego,California"
389,Male,"San Jose,California"
390,Male,"San Diego,California"
391,Male,"San Jose,California"
392,Male,"Chicago,Illinois"
393,Male,"Philadelphia,Pennsylvania"
394,Female,"Philadelphia,Pennsylvania"
395,Male,"Dallas,Tax"
396,Non-Binary,"Phoenix,Arizona"
397,Female,"San Diego,California"
398,Male,"Houston,Tax"
399,Male,"Philadelphia,Pennsylvania"
400,Male,"Dallas,Tax"
401,Female,"San Diego,California"
402,Non-Binary,"San Antonio,Tax"
403,Male,"New York,New York"
404,Male,"Los Angeles,California"
405,Male,"Philadelphia,Pennsylvania"
406,Male,"Chicago,Illinois"
407,Non-Binary,"New York,New York"
408,Female,"Dallas,Tax"
409,Non-Binary,"San Jose,California"
410,Female,"Houston,Tax"
411,Male,"Phoenix,Arizona"
412,Female,"Dallas,Tax"
413,Female,"New York,New York"
414,Female,"San Antonio,Tax"
415,Male,"Los Angeles,California"
416,Male,"Chicago,Illinois"
417,Female,"Dallas,Tax"
418,Non-Binary,"New York,New York"
419,Male,"New York,New York"
420,Male,"Phoenix,Arizona"
421,Female,"Phoenix,Arizona"
422,Female,"Dallas,Tax"
423,Male,"San Diego,California"
424,Male,"San Antonio,Tax"
425,Male,"Los Angeles,California"
426,Male,"San Jose,California"
427,Female,"Phoenix,Arizona"
428,Female,"San Antonio,Tax"
429,Male,"Houston,Tax"
430,Female,"New York,New York"
431,Female,"Phoenix,Arizona"
432,Male,"Los Angeles,California"
433,Male,"New York,New York"
434,Female,"San Antonio,Tax"
435,Male,"San Antonio,Tax"
436,Male,"Los Angeles,California"
437,Male,"Philadelphia,Pennsylvania"
438,Male,"Houston,Tax"
439,Male,"Houston,Tax"
440,Male,"San Diego,California"
441,Female,"Phoenix,Arizona"
442,Male,"Dallas,Tax"
443,Non-Binary,"San Antonio,Tax"
444,Male,"Phoenix,Arizona"
445,Male,"San Antonio,Tax"
446,Female,"Houston,Tax"
447,Male,"Los Angeles,California"
448,Non-Binary,"San Antonio,Tax"
449,Male,"San Antonio,Tax"
450,Male,"San Diego,California"
451,Female,"Los Angeles,California"
452,Male,"San Jose,California"
453,Male,"San Diego,California"
454,Female,"San Jose,California"
455,Female,"Dallas,Tax"
456,Female,"San Antonio,Tax"
457,Male,"Dallas,Tax"
458,Non-Binary,"Philadelphia,Pennsylvania"
459,Female,"San Diego,California"
460,Male,"Los Angeles,California"
461,Male,"San Diego,California"
462,Female,"Phoenix,Arizona"
463,Female,"San Diego,California"
464,Male,"Phoenix,Arizona"
465,Female,"San Diego,California"
466,Male,"New York,New York"
467,Male,"New York,New York"
468,Female,"San Jose,California"
469,Female,"Phoenix,Arizona"
470,Non-Binary,"San Jose,California"
471,Female,"San Jose,California"
472,Female,"San Antonio,Tax"
473,Male,"Philadelphia,Pennsylvania"
474,Female,"Chicago,Illinois"
475,Female,"New York,New York"
476,Male,"Dallas,Tax"
477,Male,"Dallas,Tax"
478,Female,"San Diego,California"
479,Female,"San Antonio,Tax"
480,Female,"Phoenix,Arizona"
481,Male,"Houston,Tax"
482,Male,"Los Angeles,California"
483,Male,"Phoenix,Arizona"
484,Female,"Philadelphia,Pennsylvania"
485,Female,"San Jose,California"
486,Male,"San Jose,California"
487,Male,"Phoenix,Arizona"
488,Female,"New York,New York"
489,Male,"San Diego,California"
490,Female,"San Diego,California"
491,Male,"New York,New York"
492,Female,"Phoenix,Arizona"
493,Female,"San Antonio,Tax"
494,Female,"New York,New York"
495,Non-Binary,"San Jose,California"
496,Male,"San Jose,California"
497,Male,"San Diego,California"
498,Female,"New York,New York"
499,Female,"New York,New York"
500,Female,"Houston,Tax"
